Dapper Designs,+70885625359,Vietnam,61471₽,cookie
Refined Rags,+16438135946,Belarus,41276₽,hat
Smart Styles,+65909961791,Mauritania,52874₽,ladder
Body Bliss,+23723537895,Macedonia,10712₽,signature
Salon Suites,+73685494714,Malaysia,98462₽,death
Fashion Fusion,+36703634566,Belarus,96212₽,truth
Beauty Bar,+42173612154,Japan,24290₽,death
Wellness World,+65580418057,Colombia,83781₽,departure
Haute Hues,+65897426053,Palau,48711₽,height
Classy Collections,+91855658165,Bosnia and Herzegovina,44719₽,topic
Classy Collections,+35379908173,Belize,40664₽,map
Chic Boutique,+1117872309,Czech Republic,40334₽,ladder
Haute Hues,+1138342984,Algeria,69642₽,administration
Clipper Cuts,+6884096761,El Salvador,45540₽,love
Fashion Forward,+90656659205,Andorra,92070₽,administration
Modern Maven,+4336809251,El Salvador,90353₽,selection
Modish Mannequins,+41443849908,Mali,89151₽,distribution
Chic Boutique,+34317654335,Uganda,38713₽,office
Classy Chic,+62119509433,Dominican Republic,71546₽,office
Fine Fabrics,+3292030713,Barbados,94080₽,elevator
Fashion Forward,+70709190914,El Salvador,73878₽,cigarette
Chic Couture,+3670550754,Spain,37063₽,homework
Chic Boutique,+4899477637,Trinidad and Tobago,88341₽,emphasis
Skin Studio,+8654763619,Sao Tome and Principe,58505₽,hat
Clipper Cuts,+92856237177,Grenada,96021₽,thanks
Trendy Threads,+40804694597,Tajikistan,53538₽,awareness
Lash Lounge,+823872851,Niger,45911₽,library
Haute Hues,+62362489381,Ghana,27003₽,maintenance
Trendy Threads,+16833537976,"Korea, South",47394₽,truth
Lash Lounge,+58909088794,Lesotho,58108₽,signature
Crisp Creations,+98830294988,Peru,11568₽,oven
Fashion Forward,+85467202974,United States of America,69801₽,woman
Chic Couture,+0589909461,Estonia,74968₽,data
Brow Boosters,+8598046215,San Marino,20765₽,user
Stylish Silhouettes,+33352737807,Bulgaria,80283₽,assumption
Trendsetting Tailors,+34592421365,Gabon,75941₽,revolution
Classy Collections,+71787218522,Laos,43216₽,employment
Sleek Styles,+17487831164,Serbia,44393₽,advice
Glamour Galore,+90234836340,Nauru,52349₽,signature
Elite Elegance,+4270006917,Ecuador,23779₽,revolution
Salon Suites,+21665389509,Moldova,31261₽,construction
Glow Getter,+35235427039,Laos,60005₽,agreement
Elegant Ensembles,+14665435221,"Korea, North",65187₽,revenue
Stellar Stitches,+60696196599,Saudi Arabia,67600₽,definition
Fine Fabrics,+58622647495,Serbia,49762₽,cigarette
Wellness World,+54544284702,Niger,65407₽,basket
Classy Collections,+9079514209,San Marino,69953₽,signature
Chic Boutique,+46477636874,Saudi Arabia,67782₽,steak
Chic Couture,+96761630436,East Timor (Timor-Leste),90951₽,pie
Modish Mannequins,+11852540733,Thailand,35393₽,selection
Chic Couture,+49549295437,Angola,40590₽,stranger
Skin Studio,+63539292080,Iceland,69446₽,agreement
Posh Patterns,+37475105158,Qatar,63502₽,county
Refined Rags,+43231684211,Myanmar (Burma),94378₽,maintenance
Wellness World,+20670536511,Brunei,73555₽,woman
Sophisticated Sewing,+15255126336,Denmark,61417₽,preparation
Sleek Styles,+16731534055,Laos,40285₽,agreement
Nail Nook,+512746480,Tunisia,31377₽,revolution
Refined Rags,+89900467398,Guatemala,98636₽,contract
Glow Getter,+16374642888,Cape Verde,35483₽,concept
Skin Studio,+0495000541,Malaysia,22524₽,advice
Elegant Ensembles,+64677525798,Burkina Faso,61711₽,indication
Nail Nook,+70306044124,Slovakia,62543₽,concept
Glamour Galore,+86364414878,Finland,47213₽,assumption
Elite Elegance,+12410447035,Ecuador,62231₽,injury
Beauty Bar,+94379787976,Bhutan,54816₽,fishing
Classy Collections,+41529247634,Lesotho,80817₽,buyer
Makeup Maven,+75775548755,Eritrea,77999₽,midnight
Modish Mannequins,+70279391329,Kiribati,93318₽,buyer
Sleek Styles,+39287136871,Australia,48685₽,refrigerator
Fashion Forward,+37327883802,Dominican Republic,23407₽,administration
Fashion Forward,+58520105376,Italy,41087₽,administration
Beauty Bar,+57641037914,Serbia,15407₽,cookie
Fashion Fusion,+29811946254,Norway,70849₽,passenger
Fashion Forward,+69357220392,Venezuela,14033₽,map
Chic Boutique,+98173392555,Sao Tome and Principe,22073₽,employment
